variant_id,units_per_chain,truncation_rule,contact_cutoff_A,edge_scope,node_a,node_b,chain_a,chain_b,unit_a,unit_b,contact_count,CYP_MEP_vs_CYP_MEP_count,CYP_MEP_vs_GLU_count,GLU_vs_GLU_count,backbone_like_count,non_backbone_count
central4_units,4,central,4.500,chain,A,B,A,B,,,166,136,3,27,23,143
central4_units,4,central,4.500,chain,A,F,A,F,,,178,178,0,0,3,175
central4_units,4,central,4.500,chain,B,C,B,C,,,178,178,0,0,3,175
central4_units,4,central,4.500,chain,C,D,C,D,,,166,136,3,27,23,143
central4_units,4,central,4.500,chain,D,E,D,E,,,178,178,0,0,3,175
central4_units,4,central,4.500,chain,E,F,E,F,,,166,136,3,27,23,143
central4_units,4,central,4.500,unit,A:1,F:3,A,F,1,3,1,1,0,0,1,0
central4_units,4,central,4.500,unit,A:1,F:4,A,F,1,4,31,31,0,0,0,31
central4_units,4,central,4.500,unit,A:2,B:4,A,B,2,4,28,18,1,9,7,21
central4_units,4,central,4.500,unit,A:2,F:2,A,F,2,2,1,1,0,0,1,0
central4_units,4,central,4.500,unit,A:2,F:3,A,F,2,3,31,31,0,0,0,31
central4_units,4,central,4.500,unit,A:2,F:4,A,F,2,4,17,17,0,0,0,17
central4_units,4,central,4.500,unit,A:3,B:3,A,B,3,3,28,18,1,9,7,21
central4_units,4,central,4.500,unit,A:3,B:4,A,B,3,4,41,41,0,0,1,40
central4_units,4,central,4.500,unit,A:3,F:1,A,F,3,1,1,1,0,0,1,0
central4_units,4,central,4.500,unit,A:3,F:2,A,F,3,2,31,31,0,0,0,31
central4_units,4,central,4.500,unit,A:3,F:3,A,F,3,3,17,17,0,0,0,17
central4_units,4,central,4.500,unit,A:4,B:2,A,B,4,2,28,18,1,9,7,21
central4_units,4,central,4.500,unit,A:4,B:3,A,B,4,3,41,41,0,0,1,40
central4_units,4,central,4.500,unit,A:4,F:1,A,F,4,1,31,31,0,0,0,31
central4_units,4,central,4.500,unit,A:4,F:2,A,F,4,2,17,17,0,0,0,17
central4_units,4,central,4.500,unit,B:1,C:3,B,C,1,3,1,1,0,0,1,0
central4_units,4,central,4.500,unit,B:1,C:4,B,C,1,4,31,31,0,0,0,31
central4_units,4,central,4.500,unit,B:2,C:2,B,C,2,2,1,1,0,0,1,0
central4_units,4,central,4.500,unit,B:2,C:3,B,C,2,3,31,31,0,0,0,31
central4_units,4,central,4.500,unit,B:2,C:4,B,C,2,4,17,17,0,0,0,17
central4_units,4,central,4.500,unit,B:3,C:1,B,C,3,1,1,1,0,0,1,0
central4_units,4,central,4.500,unit,B:3,C:2,B,C,3,2,31,31,0,0,0,31
central4_units,4,central,4.500,unit,B:3,C:3,B,C,3,3,17,17,0,0,0,17
central4_units,4,central,4.500,unit,B:4,C:1,B,C,4,1,31,31,0,0,0,31
central4_units,4,central,4.500,unit,B:4,C:2,B,C,4,2,17,17,0,0,0,17
central4_units,4,central,4.500,unit,C:2,D:4,C,D,2,4,28,18,1,9,7,21
central4_units,4,central,4.500,unit,C:3,D:3,C,D,3,3,28,18,1,9,7,21
central4_units,4,central,4.500,unit,C:3,D:4,C,D,3,4,41,41,0,0,1,40
central4_units,4,central,4.500,unit,C:4,D:2,C,D,4,2,28,18,1,9,7,21
central4_units,4,central,4.500,unit,C:4,D:3,C,D,4,3,41,41,0,0,1,40
central4_units,4,central,4.500,unit,D:1,E:3,D,E,1,3,1,1,0,0,1,0
central4_units,4,central,4.500,unit,D:1,E:4,D,E,1,4,31,31,0,0,0,31
central4_units,4,central,4.500,unit,D:2,E:2,D,E,2,2,1,1,0,0,1,0
central4_units,4,central,4.500,unit,D:2,E:3,D,E,2,3,31,31,0,0,0,31
central4_units,4,central,4.500,unit,D:2,E:4,D,E,2,4,17,17,0,0,0,17
central4_units,4,central,4.500,unit,D:3,E:1,D,E,3,1,1,1,0,0,1,0
central4_units,4,central,4.500,unit,D:3,E:2,D,E,3,2,31,31,0,0,0,31
central4_units,4,central,4.500,unit,D:3,E:3,D,E,3,3,17,17,0,0,0,17
central4_units,4,central,4.500,unit,D:4,E:1,D,E,4,1,31,31,0,0,0,31
central4_units,4,central,4.500,unit,D:4,E:2,D,E,4,2,17,17,0,0,0,17
central4_units,4,central,4.500,unit,E:2,F:4,E,F,2,4,28,18,1,9,7,21
central4_units,4,central,4.500,unit,E:3,F:3,E,F,3,3,28,18,1,9,7,21
central4_units,4,central,4.500,unit,E:3,F:4,E,F,3,4,41,41,0,0,1,40
central4_units,4,central,4.500,unit,E:4,F:2,E,F,4,2,28,18,1,9,7,21
central4_units,4,central,4.500,unit,E:4,F:3,E,F,4,3,41,41,0,0,1,40
central5_units,5,central,4.500,chain,A,B,A,B,,,304,254,5,45,39,265
central5_units,5,central,4.500,chain,A,F,A,F,,,212,212,0,0,3,209
central5_units,5,central,4.500,chain,B,C,B,C,,,212,212,0,0,3,209
central5_units,5,central,4.500,chain,C,D,C,D,,,304,254,5,45,39,265
central5_units,5,central,4.500,chain,D,E,D,E,,,212,212,0,0,3,209
central5_units,5,central,4.500,chain,E,F,E,F,,,304,254,5,45,39,265
central5_units,5,central,4.500,unit,A:1,B:5,A,B,1,5,28,18,1,9,7,21
central5_units,5,central,4.500,unit,A:1,F:3,A,F,1,3,1,1,0,0,1,0
central5_units,5,central,4.500,unit,A:1,F:4,A,F,1,4,31,31,0,0,0,31
central5_units,5,central,4.500,unit,A:1,F:5,A,F,1,5,17,17,0,0,0,17
central5_units,5,central,4.500,unit,A:2,B:4,A,B,2,4,28,18,1,9,7,21
central5_units,5,central,4.500,unit,A:2,B:5,A,B,2,5,41,41,0,0,1,40
central5_units,5,central,4.500,unit,A:2,F:2,A,F,2,2,1,1,0,0,1,0
central5_units,5,central,4.500,unit,A:2,F:3,A,F,2,3,31,31,0,0,0,31
central5_units,5,central,4.500,unit,A:2,F:4,A,F,2,4,17,17,0,0,0,17
central5_units,5,central,4.500,unit,A:3,B:3,A,B,3,3,28,18,1,9,7,21
central5_units,5,central,4.500,unit,A:3,B:4,A,B,3,4,41,41,0,0,1,40
central5_units,5,central,4.500,unit,A:3,F:1,A,F,3,1,1,1,0,0,1,0
central5_units,5,central,4.500,unit,A:3,F:2,A,F,3,2,31,31,0,0,0,31
central5_units,5,central,4.500,unit,A:3,F:3,A,F,3,3,17,17,0,0,0,17
central5_units,5,central,4.500,unit,A:4,B:2,A,B,4,2,28,18,1,9,7,21
central5_units,5,central,4.500,unit,A:4,B:3,A,B,4,3,41,41,0,0,1,40
central5_units,5,central,4.500,unit,A:4,F:1,A,F,4,1,31,31,0,0,0,31
central5_units,5,central,4.500,unit,A:4,F:2,A,F,4,2,17,17,0,0,0,17
central5_units,5,central,4.500,unit,A:5,B:1,A,B,5,1,28,18,1,9,7,21
central5_units,5,central,4.500,unit,A:5,B:2,A,B,5,2,41,41,0,0,1,40
central5_units,5,central,4.500,unit,A:5,F:1,A,F,5,1,17,17,0,0,0,17
central5_units,5,central,4.500,unit,B:1,C:3,B,C,1,3,1,1,0,0,1,0
central5_units,5,central,4.500,unit,B:1,C:4,B,C,1,4,31,31,0,0,0,31
central5_units,5,central,4.500,unit,B:1,C:5,B,C,1,5,17,17,0,0,0,17
central5_units,5,central,4.500,unit,B:2,C:2,B,C,2,2,1,1,0,0,1,0
central5_units,5,central,4.500,unit,B:2,C:3,B,C,2,3,31,31,0,0,0,31
central5_units,5,central,4.500,unit,B:2,C:4,B,C,2,4,17,17,0,0,0,17
central5_units,5,central,4.500,unit,B:3,C:1,B,C,3,1,1,1,0,0,1,0
central5_units,5,central,4.500,unit,B:3,C:2,B,C,3,2,31,31,0,0,0,31
central5_units,5,central,4.500,unit,B:3,C:3,B,C,3,3,17,17,0,0,0,17
central5_units,5,central,4.500,unit,B:4,C:1,B,C,4,1,31,31,0,0,0,31
central5_units,5,central,4.500,unit,B:4,C:2,B,C,4,2,17,17,0,0,0,17
central5_units,5,central,4.500,unit,B:5,C:1,B,C,5,1,17,17,0,0,0,17
central5_units,5,central,4.500,unit,C:1,D:5,C,D,1,5,28,18,1,9,7,21
central5_units,5,central,4.500,unit,C:2,D:4,C,D,2,4,28,18,1,9,7,21
central5_units,5,central,4.500,unit,C:2,D:5,C,D,2,5,41,41,0,0,1,40
central5_units,5,central,4.500,unit,C:3,D:3,C,D,3,3,28,18,1,9,7,21
central5_units,5,central,4.500,unit,C:3,D:4,C,D,3,4,41,41,0,0,1,40
central5_units,5,central,4.500,unit,C:4,D:2,C,D,4,2,28,18,1,9,7,21
central5_units,5,central,4.500,unit,C:4,D:3,C,D,4,3,41,41,0,0,1,40
central5_units,5,central,4.500,unit,C:5,D:1,C,D,5,1,28,18,1,9,7,21
central5_units,5,central,4.500,unit,C:5,D:2,C,D,5,2,41,41,0,0,1,40
central5_units,5,central,4.500,unit,D:1,E:3,D,E,1,3,1,1,0,0,1,0
central5_units,5,central,4.500,unit,D:1,E:4,D,E,1,4,31,31,0,0,0,31
central5_units,5,central,4.500,unit,D:1,E:5,D,E,1,5,17,17,0,0,0,17
central5_units,5,central,4.500,unit,D:2,E:2,D,E,2,2,1,1,0,0,1,0
central5_units,5,central,4.500,unit,D:2,E:3,D,E,2,3,31,31,0,0,0,31
central5_units,5,central,4.500,unit,D:2,E:4,D,E,2,4,17,17,0,0,0,17
central5_units,5,central,4.500,unit,D:3,E:1,D,E,3,1,1,1,0,0,1,0
central5_units,5,central,4.500,unit,D:3,E:2,D,E,3,2,31,31,0,0,0,31
central5_units,5,central,4.500,unit,D:3,E:3,D,E,3,3,17,17,0,0,0,17
central5_units,5,central,4.500,unit,D:4,E:1,D,E,4,1,31,31,0,0,0,31
central5_units,5,central,4.500,unit,D:4,E:2,D,E,4,2,17,17,0,0,0,17
central5_units,5,central,4.500,unit,D:5,E:1,D,E,5,1,17,17,0,0,0,17
central5_units,5,central,4.500,unit,E:1,F:5,E,F,1,5,28,18,1,9,7,21
central5_units,5,central,4.500,unit,E:2,F:4,E,F,2,4,28,18,1,9,7,21
central5_units,5,central,4.500,unit,E:2,F:5,E,F,2,5,41,41,0,0,1,40
central5_units,5,central,4.500,unit,E:3,F:3,E,F,3,3,28,18,1,9,7,21
central5_units,5,central,4.500,unit,E:3,F:4,E,F,3,4,41,41,0,0,1,40
central5_units,5,central,4.500,unit,E:4,F:2,E,F,4,2,28,18,1,9,7,21
central5_units,5,central,4.500,unit,E:4,F:3,E,F,4,3,41,41,0,0,1,40
central5_units,5,central,4.500,unit,E:5,F:1,E,F,5,1,28,18,1,9,7,21
central5_units,5,central,4.500,unit,E:5,F:2,E,F,5,2,41,41,0,0,1,40
central6_units,6,central,4.500,chain,A,B,A,B,,,304,254,5,45,39,265
central6_units,6,central,4.500,chain,A,F,A,F,,,276,276,0,0,5,271
central6_units,6,central,4.500,chain,B,C,B,C,,,276,276,0,0,5,271
central6_units,6,central,4.500,chain,C,D,C,D,,,304,254,5,45,39,265
central6_units,6,central,4.500,chain,D,E,D,E,,,276,276,0,0,5,271
central6_units,6,central,4.500,chain,E,F,E,F,,,304,254,5,45,39,265
central6_units,6,central,4.500,unit,A:1,F:5,A,F,1,5,1,1,0,0,1,0
central6_units,6,central,4.500,unit,A:1,F:6,A,F,1,6,31,31,0,0,0,31
central6_units,6,central,4.500,unit,A:2,B:6,A,B,2,6,28,18,1,9,7,21
central6_units,6,central,4.500,unit,A:2,F:4,A,F,2,4,1,1,0,0,1,0
central6_units,6,central,4.500,unit,A:2,F:5,A,F,2,5,31,31,0,0,0,31
central6_units,6,central,4.500,unit,A:2,F:6,A,F,2,6,17,17,0,0,0,17
central6_units,6,central,4.500,unit,A:3,B:5,A,B,3,5,28,18,1,9,7,21
central6_units,6,central,4.500,unit,A:3,B:6,A,B,3,6,41,41,0,0,1,40
central6_units,6,central,4.500,unit,A:3,F:3,A,F,3,3,1,1,0,0,1,0
central6_units,6,central,4.500,unit,A:3,F:4,A,F,3,4,31,31,0,0,0,31
central6_units,6,central,4.500,unit,A:3,F:5,A,F,3,5,17,17,0,0,0,17
central6_units,6,central,4.500,unit,A:4,B:4,A,B,4,4,28,18,1,9,7,21
central6_units,6,central,4.500,unit,A:4,B:5,A,B,4,5,41,41,0,0,1,40
central6_units,6,central,4.500,unit,A:4,F:2,A,F,4,2,1,1,0,0,1,0
central6_units,6,central,4.500,unit,A:4,F:3,A,F,4,3,31,31,0,0,0,31
central6_units,6,central,4.500,unit,A:4,F:4,A,F,4,4,17,17,0,0,0,17
central6_units,6,central,4.500,unit,A:5,B:3,A,B,5,3,28,18,1,9,7,21
central6_units,6,central,4.500,unit,A:5,B:4,A,B,5,4,41,41,0,0,1,40
central6_units,6,central,4.500,unit,A:5,F:1,A,F,5,1,1,1,0,0,1,0
central6_units,6,central,4.500,unit,A:5,F:2,A,F,5,2,31,31,0,0,0,31
central6_units,6,central,4.500,unit,A:5,F:3,A,F,5,3,17,17,0,0,0,17
central6_units,6,central,4.500,unit,A:6,B:2,A,B,6,2,28,18,1,9,7,21
central6_units,6,central,4.500,unit,A:6,B:3,A,B,6,3,41,41,0,0,1,40
central6_units,6,central,4.500,unit,A:6,F:1,A,F,6,1,31,31,0,0,0,31
central6_units,6,central,4.500,unit,A:6,F:2,A,F,6,2,17,17,0,0,0,17
central6_units,6,central,4.500,unit,B:1,C:5,B,C,1,5,1,1,0,0,1,0
central6_units,6,central,4.500,unit,B:1,C:6,B,C,1,6,31,31,0,0,0,31
central6_units,6,central,4.500,unit,B:2,C:4,B,C,2,4,1,1,0,0,1,0
central6_units,6,central,4.500,unit,B:2,C:5,B,C,2,5,31,31,0,0,0,31
central6_units,6,central,4.500,unit,B:2,C:6,B,C,2,6,17,17,0,0,0,17
central6_units,6,central,4.500,unit,B:3,C:3,B,C,3,3,1,1,0,0,1,0
central6_units,6,central,4.500,unit,B:3,C:4,B,C,3,4,31,31,0,0,0,31
central6_units,6,central,4.500,unit,B:3,C:5,B,C,3,5,17,17,0,0,0,17
central6_units,6,central,4.500,unit,B:4,C:2,B,C,4,2,1,1,0,0,1,0
central6_units,6,central,4.500,unit,B:4,C:3,B,C,4,3,31,31,0,0,0,31
central6_units,6,central,4.500,unit,B:4,C:4,B,C,4,4,17,17,0,0,0,17
central6_units,6,central,4.500,unit,B:5,C:1,B,C,5,1,1,1,0,0,1,0
central6_units,6,central,4.500,unit,B:5,C:2,B,C,5,2,31,31,0,0,0,31
central6_units,6,central,4.500,unit,B:5,C:3,B,C,5,3,17,17,0,0,0,17
central6_units,6,central,4.500,unit,B:6,C:1,B,C,6,1,31,31,0,0,0,31
central6_units,6,central,4.500,unit,B:6,C:2,B,C,6,2,17,17,0,0,0,17
central6_units,6,central,4.500,unit,C:2,D:6,C,D,2,6,28,18,1,9,7,21
central6_units,6,central,4.500,unit,C:3,D:5,C,D,3,5,28,18,1,9,7,21
central6_units,6,central,4.500,unit,C:3,D:6,C,D,3,6,41,41,0,0,1,40
central6_units,6,central,4.500,unit,C:4,D:4,C,D,4,4,28,18,1,9,7,21
central6_units,6,central,4.500,unit,C:4,D:5,C,D,4,5,41,41,0,0,1,40
central6_units,6,central,4.500,unit,C:5,D:3,C,D,5,3,28,18,1,9,7,21
central6_units,6,central,4.500,unit,C:5,D:4,C,D,5,4,41,41,0,0,1,40
central6_units,6,central,4.500,unit,C:6,D:2,C,D,6,2,28,18,1,9,7,21
central6_units,6,central,4.500,unit,C:6,D:3,C,D,6,3,41,41,0,0,1,40
central6_units,6,central,4.500,unit,D:1,E:5,D,E,1,5,1,1,0,0,1,0
central6_units,6,central,4.500,unit,D:1,E:6,D,E,1,6,31,31,0,0,0,31
central6_units,6,central,4.500,unit,D:2,E:4,D,E,2,4,1,1,0,0,1,0
central6_units,6,central,4.500,unit,D:2,E:5,D,E,2,5,31,31,0,0,0,31
central6_units,6,central,4.500,unit,D:2,E:6,D,E,2,6,17,17,0,0,0,17
central6_units,6,central,4.500,unit,D:3,E:3,D,E,3,3,1,1,0,0,1,0
central6_units,6,central,4.500,unit,D:3,E:4,D,E,3,4,31,31,0,0,0,31
central6_units,6,central,4.500,unit,D:3,E:5,D,E,3,5,17,17,0,0,0,17
central6_units,6,central,4.500,unit,D:4,E:2,D,E,4,2,1,1,0,0,1,0
central6_units,6,central,4.500,unit,D:4,E:3,D,E,4,3,31,31,0,0,0,31
central6_units,6,central,4.500,unit,D:4,E:4,D,E,4,4,17,17,0,0,0,17
central6_units,6,central,4.500,unit,D:5,E:1,D,E,5,1,1,1,0,0,1,0
central6_units,6,central,4.500,unit,D:5,E:2,D,E,5,2,31,31,0,0,0,31
central6_units,6,central,4.500,unit,D:5,E:3,D,E,5,3,17,17,0,0,0,17
central6_units,6,central,4.500,unit,D:6,E:1,D,E,6,1,31,31,0,0,0,31
central6_units,6,central,4.500,unit,D:6,E:2,D,E,6,2,17,17,0,0,0,17
central6_units,6,central,4.500,unit,E:2,F:6,E,F,2,6,28,18,1,9,7,21
central6_units,6,central,4.500,unit,E:3,F:5,E,F,3,5,28,18,1,9,7,21
central6_units,6,central,4.500,unit,E:3,F:6,E,F,3,6,41,41,0,0,1,40
central6_units,6,central,4.500,unit,E:4,F:4,E,F,4,4,28,18,1,9,7,21
central6_units,6,central,4.500,unit,E:4,F:5,E,F,4,5,41,41,0,0,1,40
central6_units,6,central,4.500,unit,E:5,F:3,E,F,5,3,28,18,1,9,7,21
central6_units,6,central,4.500,unit,E:5,F:4,E,F,5,4,41,41,0,0,1,40
central6_units,6,central,4.500,unit,E:6,F:2,E,F,6,2,28,18,1,9,7,21
central6_units,6,central,4.500,unit,E:6,F:3,E,F,6,3,41,41,0,0,1,40
central7_units,7,central,4.500,chain,A,B,A,B,,,442,372,7,63,55,387
central7_units,7,central,4.500,chain,A,F,A,F,,,310,310,0,0,5,305
central7_units,7,central,4.500,chain,B,C,B,C,,,310,310,0,0,5,305
central7_units,7,central,4.500,chain,C,D,C,D,,,442,372,7,63,55,387
central7_units,7,central,4.500,chain,D,E,D,E,,,310,310,0,0,5,305
central7_units,7,central,4.500,chain,E,F,E,F,,,442,372,7,63,55,387
central7_units,7,central,4.500,unit,A:1,B:7,A,B,1,7,28,18,1,9,7,21
central7_units,7,central,4.500,unit,A:1,F:5,A,F,1,5,1,1,0,0,1,0
central7_units,7,central,4.500,unit,A:1,F:6,A,F,1,6,31,31,0,0,0,31
central7_units,7,central,4.500,unit,A:1,F:7,A,F,1,7,17,17,0,0,0,17
central7_units,7,central,4.500,unit,A:2,B:6,A,B,2,6,28,18,1,9,7,21
central7_units,7,central,4.500,unit,A:2,B:7,A,B,2,7,41,41,0,0,1,40
central7_units,7,central,4.500,unit,A:2,F:4,A,F,2,4,1,1,0,0,1,0
central7_units,7,central,4.500,unit,A:2,F:5,A,F,2,5,31,31,0,0,0,31
central7_units,7,central,4.500,unit,A:2,F:6,A,F,2,6,17,17,0,0,0,17
central7_units,7,central,4.500,unit,A:3,B:5,A,B,3,5,28,18,1,9,7,21
central7_units,7,central,4.500,unit,A:3,B:6,A,B,3,6,41,41,0,0,1,40
central7_units,7,central,4.500,unit,A:3,F:3,A,F,3,3,1,1,0,0,1,0
central7_units,7,central,4.500,unit,A:3,F:4,A,F,3,4,31,31,0,0,0,31
central7_units,7,central,4.500,unit,A:3,F:5,A,F,3,5,17,17,0,0,0,17
central7_units,7,central,4.500,unit,A:4,B:4,A,B,4,4,28,18,1,9,7,21
central7_units,7,central,4.500,unit,A:4,B:5,A,B,4,5,41,41,0,0,1,40
central7_units,7,central,4.500,unit,A:4,F:2,A,F,4,2,1,1,0,0,1,0
central7_units,7,central,4.500,unit,A:4,F:3,A,F,4,3,31,31,0,0,0,31
central7_units,7,central,4.500,unit,A:4,F:4,A,F,4,4,17,17,0,0,0,17
central7_units,7,central,4.500,unit,A:5,B:3,A,B,5,3,28,18,1,9,7,21
central7_units,7,central,4.500,unit,A:5,B:4,A,B,5,4,41,41,0,0,1,40
central7_units,7,central,4.500,unit,A:5,F:1,A,F,5,1,1,1,0,0,1,0
central7_units,7,central,4.500,unit,A:5,F:2,A,F,5,2,31,31,0,0,0,31
central7_units,7,central,4.500,unit,A:5,F:3,A,F,5,3,17,17,0,0,0,17
central7_units,7,central,4.500,unit,A:6,B:2,A,B,6,2,28,18,1,9,7,21
central7_units,7,central,4.500,unit,A:6,B:3,A,B,6,3,41,41,0,0,1,40
central7_units,7,central,4.500,unit,A:6,F:1,A,F,6,1,31,31,0,0,0,31
central7_units,7,central,4.500,unit,A:6,F:2,A,F,6,2,17,17,0,0,0,17
central7_units,7,central,4.500,unit,A:7,B:1,A,B,7,1,28,18,1,9,7,21
central7_units,7,central,4.500,unit,A:7,B:2,A,B,7,2,41,41,0,0,1,40
central7_units,7,central,4.500,unit,A:7,F:1,A,F,7,1,17,17,0,0,0,17
central7_units,7,central,4.500,unit,B:1,C:5,B,C,1,5,1,1,0,0,1,0
central7_units,7,central,4.500,unit,B:1,C:6,B,C,1,6,31,31,0,0,0,31
central7_units,7,central,4.500,unit,B:1,C:7,B,C,1,7,17,17,0,0,0,17
central7_units,7,central,4.500,unit,B:2,C:4,B,C,2,4,1,1,0,0,1,0
central7_units,7,central,4.500,unit,B:2,C:5,B,C,2,5,31,31,0,0,0,31
central7_units,7,central,4.500,unit,B:2,C:6,B,C,2,6,17,17,0,0,0,17
central7_units,7,central,4.500,unit,B:3,C:3,B,C,3,3,1,1,0,0,1,0
central7_units,7,central,4.500,unit,B:3,C:4,B,C,3,4,31,31,0,0,0,31
central7_units,7,central,4.500,unit,B:3,C:5,B,C,3,5,17,17,0,0,0,17
central7_units,7,central,4.500,unit,B:4,C:2,B,C,4,2,1,1,0,0,1,0
central7_units,7,central,4.500,unit,B:4,C:3,B,C,4,3,31,31,0,0,0,31
central7_units,7,central,4.500,unit,B:4,C:4,B,C,4,4,17,17,0,0,0,17
central7_units,7,central,4.500,unit,B:5,C:1,B,C,5,1,1,1,0,0,1,0
central7_units,7,central,4.500,unit,B:5,C:2,B,C,5,2,31,31,0,0,0,31
central7_units,7,central,4.500,unit,B:5,C:3,B,C,5,3,17,17,0,0,0,17
central7_units,7,central,4.500,unit,B:6,C:1,B,C,6,1,31,31,0,0,0,31
central7_units,7,central,4.500,unit,B:6,C:2,B,C,6,2,17,17,0,0,0,17
central7_units,7,central,4.500,unit,B:7,C:1,B,C,7,1,17,17,0,0,0,17
central7_units,7,central,4.500,unit,C:1,D:7,C,D,1,7,28,18,1,9,7,21
central7_units,7,central,4.500,unit,C:2,D:6,C,D,2,6,28,18,1,9,7,21
central7_units,7,central,4.500,unit,C:2,D:7,C,D,2,7,41,41,0,0,1,40
central7_units,7,central,4.500,unit,C:3,D:5,C,D,3,5,28,18,1,9,7,21
central7_units,7,central,4.500,unit,C:3,D:6,C,D,3,6,41,41,0,0,1,40
central7_units,7,central,4.500,unit,C:4,D:4,C,D,4,4,28,18,1,9,7,21
central7_units,7,central,4.500,unit,C:4,D:5,C,D,4,5,41,41,0,0,1,40
central7_units,7,central,4.500,unit,C:5,D:3,C,D,5,3,28,18,1,9,7,21
central7_units,7,central,4.500,unit,C:5,D:4,C,D,5,4,41,41,0,0,1,40
central7_units,7,central,4.500,unit,C:6,D:2,C,D,6,2,28,18,1,9,7,21
central7_units,7,central,4.500,unit,C:6,D:3,C,D,6,3,41,41,0,0,1,40
central7_units,7,central,4.500,unit,C:7,D:1,C,D,7,1,28,18,1,9,7,21
central7_units,7,central,4.500,unit,C:7,D:2,C,D,7,2,41,41,0,0,1,40
central7_units,7,central,4.500,unit,D:1,E:5,D,E,1,5,1,1,0,0,1,0
central7_units,7,central,4.500,unit,D:1,E:6,D,E,1,6,31,31,0,0,0,31
central7_units,7,central,4.500,unit,D:1,E:7,D,E,1,7,17,17,0,0,0,17
central7_units,7,central,4.500,unit,D:2,E:4,D,E,2,4,1,1,0,0,1,0
central7_units,7,central,4.500,unit,D:2,E:5,D,E,2,5,31,31,0,0,0,31
central7_units,7,central,4.500,unit,D:2,E:6,D,E,2,6,17,17,0,0,0,17
central7_units,7,central,4.500,unit,D:3,E:3,D,E,3,3,1,1,0,0,1,0
central7_units,7,central,4.500,unit,D:3,E:4,D,E,3,4,31,31,0,0,0,31
central7_units,7,central,4.500,unit,D:3,E:5,D,E,3,5,17,17,0,0,0,17
central7_units,7,central,4.500,unit,D:4,E:2,D,E,4,2,1,1,0,0,1,0
central7_units,7,central,4.500,unit,D:4,E:3,D,E,4,3,31,31,0,0,0,31
central7_units,7,central,4.500,unit,D:4,E:4,D,E,4,4,17,17,0,0,0,17
central7_units,7,central,4.500,unit,D:5,E:1,D,E,5,1,1,1,0,0,1,0
central7_units,7,central,4.500,unit,D:5,E:2,D,E,5,2,31,31,0,0,0,31
central7_units,7,central,4.500,unit,D:5,E:3,D,E,5,3,17,17,0,0,0,17
central7_units,7,central,4.500,unit,D:6,E:1,D,E,6,1,31,31,0,0,0,31
central7_units,7,central,4.500,unit,D:6,E:2,D,E,6,2,17,17,0,0,0,17
central7_units,7,central,4.500,unit,D:7,E:1,D,E,7,1,17,17,0,0,0,17
central7_units,7,central,4.500,unit,E:1,F:7,E,F,1,7,28,18,1,9,7,21
central7_units,7,central,4.500,unit,E:2,F:6,E,F,2,6,28,18,1,9,7,21
central7_units,7,central,4.500,unit,E:2,F:7,E,F,2,7,41,41,0,0,1,40
central7_units,7,central,4.500,unit,E:3,F:5,E,F,3,5,28,18,1,9,7,21
central7_units,7,central,4.500,unit,E:3,F:6,E,F,3,6,41,41,0,0,1,40
central7_units,7,central,4.500,unit,E:4,F:4,E,F,4,4,28,18,1,9,7,21
central7_units,7,central,4.500,unit,E:4,F:5,E,F,4,5,41,41,0,0,1,40
central7_units,7,central,4.500,unit,E:5,F:3,E,F,5,3,28,18,1,9,7,21
central7_units,7,central,4.500,unit,E:5,F:4,E,F,5,4,41,41,0,0,1,40
central7_units,7,central,4.500,unit,E:6,F:2,E,F,6,2,28,18,1,9,7,21
central7_units,7,central,4.500,unit,E:6,F:3,E,F,6,3,41,41,0,0,1,40
central7_units,7,central,4.500,unit,E:7,F:1,E,F,7,1,28,18,1,9,7,21
central7_units,7,central,4.500,unit,E:7,F:2,E,F,7,2,41,41,0,0,1,40
central8_units,8,central,4.500,chain,A,B,A,B,,,442,372,7,63,55,387
central8_units,8,central,4.500,chain,A,F,A,F,,,374,374,0,0,7,367
central8_units,8,central,4.500,chain,B,C,B,C,,,374,374,0,0,7,367
central8_units,8,central,4.500,chain,C,D,C,D,,,442,372,7,63,55,387
central8_units,8,central,4.500,chain,D,E,D,E,,,374,374,0,0,7,367
central8_units,8,central,4.500,chain,E,F,E,F,,,442,372,7,63,55,387
central8_units,8,central,4.500,unit,A:1,F:7,A,F,1,7,1,1,0,0,1,0
central8_units,8,central,4.500,unit,A:1,F:8,A,F,1,8,31,31,0,0,0,31
central8_units,8,central,4.500,unit,A:2,B:8,A,B,2,8,28,18,1,9,7,21
central8_units,8,central,4.500,unit,A:2,F:6,A,F,2,6,1,1,0,0,1,0
central8_units,8,central,4.500,unit,A:2,F:7,A,F,2,7,31,31,0,0,0,31
central8_units,8,central,4.500,unit,A:2,F:8,A,F,2,8,17,17,0,0,0,17
central8_units,8,central,4.500,unit,A:3,B:7,A,B,3,7,28,18,1,9,7,21
central8_units,8,central,4.500,unit,A:3,B:8,A,B,3,8,41,41,0,0,1,40
central8_units,8,central,4.500,unit,A:3,F:5,A,F,3,5,1,1,0,0,1,0
central8_units,8,central,4.500,unit,A:3,F:6,A,F,3,6,31,31,0,0,0,31
central8_units,8,central,4.500,unit,A:3,F:7,A,F,3,7,17,17,0,0,0,17
central8_units,8,central,4.500,unit,A:4,B:6,A,B,4,6,28,18,1,9,7,21
central8_units,8,central,4.500,unit,A:4,B:7,A,B,4,7,41,41,0,0,1,40
central8_units,8,central,4.500,unit,A:4,F:4,A,F,4,4,1,1,0,0,1,0
central8_units,8,central,4.500,unit,A:4,F:5,A,F,4,5,31,31,0,0,0,31
central8_units,8,central,4.500,unit,A:4,F:6,A,F,4,6,17,17,0,0,0,17
central8_units,8,central,4.500,unit,A:5,B:5,A,B,5,5,28,18,1,9,7,21
central8_units,8,central,4.500,unit,A:5,B:6,A,B,5,6,41,41,0,0,1,40
central8_units,8,central,4.500,unit,A:5,F:3,A,F,5,3,1,1,0,0,1,0
central8_units,8,central,4.500,unit,A:5,F:4,A,F,5,4,31,31,0,0,0,31
central8_units,8,central,4.500,unit,A:5,F:5,A,F,5,5,17,17,0,0,0,17
central8_units,8,central,4.500,unit,A:6,B:4,A,B,6,4,28,18,1,9,7,21
central8_units,8,central,4.500,unit,A:6,B:5,A,B,6,5,41,41,0,0,1,40
central8_units,8,central,4.500,unit,A:6,F:2,A,F,6,2,1,1,0,0,1,0
central8_units,8,central,4.500,unit,A:6,F:3,A,F,6,3,31,31,0,0,0,31
central8_units,8,central,4.500,unit,A:6,F:4,A,F,6,4,17,17,0,0,0,17
central8_units,8,central,4.500,unit,A:7,B:3,A,B,7,3,28,18,1,9,7,21
central8_units,8,central,4.500,unit,A:7,B:4,A,B,7,4,41,41,0,0,1,40
central8_units,8,central,4.500,unit,A:7,F:1,A,F,7,1,1,1,0,0,1,0
central8_units,8,central,4.500,unit,A:7,F:2,A,F,7,2,31,31,0,0,0,31
central8_units,8,central,4.500,unit,A:7,F:3,A,F,7,3,17,17,0,0,0,17
central8_units,8,central,4.500,unit,A:8,B:2,A,B,8,2,28,18,1,9,7,21
central8_units,8,central,4.500,unit,A:8,B:3,A,B,8,3,41,41,0,0,1,40
central8_units,8,central,4.500,unit,A:8,F:1,A,F,8,1,31,31,0,0,0,31
central8_units,8,central,4.500,unit,A:8,F:2,A,F,8,2,17,17,0,0,0,17
central8_units,8,central,4.500,unit,B:1,C:7,B,C,1,7,1,1,0,0,1,0
central8_units,8,central,4.500,unit,B:1,C:8,B,C,1,8,31,31,0,0,0,31
central8_units,8,central,4.500,unit,B:2,C:6,B,C,2,6,1,1,0,0,1,0
central8_units,8,central,4.500,unit,B:2,C:7,B,C,2,7,31,31,0,0,0,31
central8_units,8,central,4.500,unit,B:2,C:8,B,C,2,8,17,17,0,0,0,17
central8_units,8,central,4.500,unit,B:3,C:5,B,C,3,5,1,1,0,0,1,0
central8_units,8,central,4.500,unit,B:3,C:6,B,C,3,6,31,31,0,0,0,31
central8_units,8,central,4.500,unit,B:3,C:7,B,C,3,7,17,17,0,0,0,17
central8_units,8,central,4.500,unit,B:4,C:4,B,C,4,4,1,1,0,0,1,0
central8_units,8,central,4.500,unit,B:4,C:5,B,C,4,5,31,31,0,0,0,31
central8_units,8,central,4.500,unit,B:4,C:6,B,C,4,6,17,17,0,0,0,17
central8_units,8,central,4.500,unit,B:5,C:3,B,C,5,3,1,1,0,0,1,0
central8_units,8,central,4.500,unit,B:5,C:4,B,C,5,4,31,31,0,0,0,31
central8_units,8,central,4.500,unit,B:5,C:5,B,C,5,5,17,17,0,0,0,17
central8_units,8,central,4.500,unit,B:6,C:2,B,C,6,2,1,1,0,0,1,0
central8_units,8,central,4.500,unit,B:6,C:3,B,C,6,3,31,31,0,0,0,31
central8_units,8,central,4.500,unit,B:6,C:4,B,C,6,4,17,17,0,0,0,17
central8_units,8,central,4.500,unit,B:7,C:1,B,C,7,1,1,1,0,0,1,0
central8_units,8,central,4.500,unit,B:7,C:2,B,C,7,2,31,31,0,0,0,31
central8_units,8,central,4.500,unit,B:7,C:3,B,C,7,3,17,17,0,0,0,17
central8_units,8,central,4.500,unit,B:8,C:1,B,C,8,1,31,31,0,0,0,31
central8_units,8,central,4.500,unit,B:8,C:2,B,C,8,2,17,17,0,0,0,17
central8_units,8,central,4.500,unit,C:2,D:8,C,D,2,8,28,18,1,9,7,21
central8_units,8,central,4.500,unit,C:3,D:7,C,D,3,7,28,18,1,9,7,21
central8_units,8,central,4.500,unit,C:3,D:8,C,D,3,8,41,41,0,0,1,40
central8_units,8,central,4.500,unit,C:4,D:6,C,D,4,6,28,18,1,9,7,21
central8_units,8,central,4.500,unit,C:4,D:7,C,D,4,7,41,41,0,0,1,40
central8_units,8,central,4.500,unit,C:5,D:5,C,D,5,5,28,18,1,9,7,21
central8_units,8,central,4.500,unit,C:5,D:6,C,D,5,6,41,41,0,0,1,40
central8_units,8,central,4.500,unit,C:6,D:4,C,D,6,4,28,18,1,9,7,21
central8_units,8,central,4.500,unit,C:6,D:5,C,D,6,5,41,41,0,0,1,40
central8_units,8,central,4.500,unit,C:7,D:3,C,D,7,3,28,18,1,9,7,21
central8_units,8,central,4.500,unit,C:7,D:4,C,D,7,4,41,41,0,0,1,40
central8_units,8,central,4.500,unit,C:8,D:2,C,D,8,2,28,18,1,9,7,21
central8_units,8,central,4.500,unit,C:8,D:3,C,D,8,3,41,41,0,0,1,40
central8_units,8,central,4.500,unit,D:1,E:7,D,E,1,7,1,1,0,0,1,0
central8_units,8,central,4.500,unit,D:1,E:8,D,E,1,8,31,31,0,0,0,31
central8_units,8,central,4.500,unit,D:2,E:6,D,E,2,6,1,1,0,0,1,0
central8_units,8,central,4.500,unit,D:2,E:7,D,E,2,7,31,31,0,0,0,31
central8_units,8,central,4.500,unit,D:2,E:8,D,E,2,8,17,17,0,0,0,17
central8_units,8,central,4.500,unit,D:3,E:5,D,E,3,5,1,1,0,0,1,0
central8_units,8,central,4.500,unit,D:3,E:6,D,E,3,6,31,31,0,0,0,31
central8_units,8,central,4.500,unit,D:3,E:7,D,E,3,7,17,17,0,0,0,17
central8_units,8,central,4.500,unit,D:4,E:4,D,E,4,4,1,1,0,0,1,0
central8_units,8,central,4.500,unit,D:4,E:5,D,E,4,5,31,31,0,0,0,31
central8_units,8,central,4.500,unit,D:4,E:6,D,E,4,6,17,17,0,0,0,17
central8_units,8,central,4.500,unit,D:5,E:3,D,E,5,3,1,1,0,0,1,0
central8_units,8,central,4.500,unit,D:5,E:4,D,E,5,4,31,31,0,0,0,31
central8_units,8,central,4.500,unit,D:5,E:5,D,E,5,5,17,17,0,0,0,17
central8_units,8,central,4.500,unit,D:6,E:2,D,E,6,2,1,1,0,0,1,0
central8_units,8,central,4.500,unit,D:6,E:3,D,E,6,3,31,31,0,0,0,31
central8_units,8,central,4.500,unit,D:6,E:4,D,E,6,4,17,17,0,0,0,17
central8_units,8,central,4.500,unit,D:7,E:1,D,E,7,1,1,1,0,0,1,0
central8_units,8,central,4.500,unit,D:7,E:2,D,E,7,2,31,31,0,0,0,31
central8_units,8,central,4.500,unit,D:7,E:3,D,E,7,3,17,17,0,0,0,17
central8_units,8,central,4.500,unit,D:8,E:1,D,E,8,1,31,31,0,0,0,31
central8_units,8,central,4.500,unit,D:8,E:2,D,E,8,2,17,17,0,0,0,17
central8_units,8,central,4.500,unit,E:2,F:8,E,F,2,8,28,18,1,9,7,21
central8_units,8,central,4.500,unit,E:3,F:7,E,F,3,7,28,18,1,9,7,21
central8_units,8,central,4.500,unit,E:3,F:8,E,F,3,8,41,41,0,0,1,40
central8_units,8,central,4.500,unit,E:4,F:6,E,F,4,6,28,18,1,9,7,21
central8_units,8,central,4.500,unit,E:4,F:7,E,F,4,7,41,41,0,0,1,40
central8_units,8,central,4.500,unit,E:5,F:5,E,F,5,5,28,18,1,9,7,21
central8_units,8,central,4.500,unit,E:5,F:6,E,F,5,6,41,41,0,0,1,40
central8_units,8,central,4.500,unit,E:6,F:4,E,F,6,4,28,18,1,9,7,21
central8_units,8,central,4.500,unit,E:6,F:5,E,F,6,5,41,41,0,0,1,40
central8_units,8,central,4.500,unit,E:7,F:3,E,F,7,3,28,18,1,9,7,21
central8_units,8,central,4.500,unit,E:7,F:4,E,F,7,4,41,41,0,0,1,40
central8_units,8,central,4.500,unit,E:8,F:2,E,F,8,2,28,18,1,9,7,21
central8_units,8,central,4.500,unit,E:8,F:3,E,F,8,3,41,41,0,0,1,40
