residue_i,residue_j,residue_name_i,residue_name_j,residue_number_i,residue_number_j,component_i,component_j,block_i,block_j,contact_category,min_distance_A,atom_i,atom_j,is_GLU_involved,is_GLU_GLU,is_backbone_O_to_GLU_sidechain_O,is_GLU_sidechain_O_to_GLU_sidechain_O,is_backbone_N_to_GLU_sidechain_O
CYP1,GLU2,CYP,GLU,1,2,scaffold,scaffold,1,1,scaffold_within_block,1.335256,C,N,yes,no,no,no,no
CYP1,CYP3,CYP,CYP,1,3,scaffold,scaffold,1,1,scaffold_within_block,4.250090,C,N,no,no,no,no,no
GLU2,CYP3,GLU,CYP,2,3,scaffold,scaffold,1,1,scaffold_within_block,1.335944,C,N,yes,no,no,no,no
GLU2,GLU4,GLU,GLU,2,4,scaffold,scaffold,1,1,scaffold_within_block,4.482918,O,N,yes,yes,no,no,no
GLU2,MEP59,GLU,MEP,2,59,scaffold,scaffold,1,2,scaffold_between_blocks,4.375108,O,CC,yes,no,no,no,no
GLU2,GLU60,GLU,GLU,2,60,scaffold,scaffold,1,2,scaffold_between_blocks,3.374242,O,O,yes,yes,no,no,no
CYP3,GLU4,CYP,GLU,3,4,scaffold,scaffold,1,1,scaffold_within_block,1.333753,C,N,yes,no,no,no,no
CYP3,CYP5,CYP,CYP,3,5,scaffold,scaffold,1,1,scaffold_within_block,4.248442,C,N,no,no,no,no,no
CYP3,MEP59,CYP,MEP,3,59,scaffold,scaffold,1,2,scaffold_between_blocks,3.497014,CB,CC,no,no,no,no,no
GLU4,CYP5,GLU,CYP,4,5,scaffold,scaffold,1,1,scaffold_within_block,1.334516,C,N,yes,no,no,no,no
GLU4,GLU6,GLU,GLU,4,6,scaffold,scaffold,1,1,scaffold_within_block,4.483584,O,N,yes,yes,no,no,no
GLU4,MEP57,GLU,MEP,4,57,scaffold,scaffold,1,2,scaffold_between_blocks,4.376306,O,CC,yes,no,no,no,no
GLU4,GLU58,GLU,GLU,4,58,scaffold,scaffold,1,2,scaffold_between_blocks,3.373401,O,O,yes,yes,no,no,no
CYP5,GLU6,CYP,GLU,5,6,scaffold,scaffold,1,1,scaffold_within_block,1.334024,C,N,yes,no,no,no,no
CYP5,CYP7,CYP,CYP,5,7,scaffold,scaffold,1,1,scaffold_within_block,4.247530,C,N,no,no,no,no,no
CYP5,MEP57,CYP,MEP,5,57,scaffold,scaffold,1,2,scaffold_between_blocks,3.496615,CB,CC,no,no,no,no,no
GLU6,CYP7,GLU,CYP,6,7,scaffold,scaffold,1,1,scaffold_within_block,1.334752,C,N,yes,no,no,no,no
GLU6,GLU8,GLU,GLU,6,8,scaffold,scaffold,1,1,scaffold_within_block,4.482838,O,N,yes,yes,no,no,no
GLU6,MEP55,GLU,MEP,6,55,scaffold,scaffold,1,2,scaffold_between_blocks,4.373505,O,CC,yes,no,no,no,no
GLU6,GLU56,GLU,GLU,6,56,scaffold,scaffold,1,2,scaffold_between_blocks,3.373325,O,O,yes,yes,no,no,no
CYP7,GLU8,CYP,GLU,7,8,scaffold,scaffold,1,1,scaffold_within_block,1.335186,C,N,yes,no,no,no,no
CYP7,CYP9,CYP,CYP,7,9,scaffold,scaffold,1,1,scaffold_within_block,4.247221,C,N,no,no,no,no,no
CYP7,MEP55,CYP,MEP,7,55,scaffold,scaffold,1,2,scaffold_between_blocks,3.497228,CB,CC,no,no,no,no,no
GLU8,CYP9,GLU,CYP,8,9,scaffold,scaffold,1,1,scaffold_within_block,1.335219,C,N,yes,no,no,no,no
GLU8,GLU10,GLU,GLU,8,10,scaffold,scaffold,1,1,scaffold_within_block,4.483103,O,N,yes,yes,no,no,no
GLU8,MEP53,GLU,MEP,8,53,scaffold,scaffold,1,2,scaffold_between_blocks,4.375835,O,CC,yes,no,no,no,no
GLU8,GLU54,GLU,GLU,8,54,scaffold,scaffold,1,2,scaffold_between_blocks,3.372403,O,O,yes,yes,no,no,no
CYP9,GLU10,CYP,GLU,9,10,scaffold,scaffold,1,1,scaffold_within_block,1.333867,C,N,yes,no,no,no,no
CYP9,CYP11,CYP,CYP,9,11,scaffold,scaffold,1,1,scaffold_within_block,4.247812,C,N,no,no,no,no,no
CYP9,MEP53,CYP,MEP,9,53,scaffold,scaffold,1,2,scaffold_between_blocks,3.497057,CB,CC,no,no,no,no,no
GLU10,CYP11,GLU,CYP,10,11,scaffold,scaffold,1,1,scaffold_within_block,1.336093,C,N,yes,no,no,no,no
GLU10,GLU12,GLU,GLU,10,12,scaffold,scaffold,1,1,scaffold_within_block,4.482653,O,N,yes,yes,no,no,no
GLU10,MEP51,GLU,MEP,10,51,scaffold,scaffold,1,2,scaffold_between_blocks,4.374991,O,CC,yes,no,no,no,no
GLU10,GLU52,GLU,GLU,10,52,scaffold,scaffold,1,2,scaffold_between_blocks,3.374884,O,O,yes,yes,no,no,no
CYP11,GLU12,CYP,GLU,11,12,scaffold,scaffold,1,1,scaffold_within_block,1.334599,C,N,yes,no,no,no,no
CYP11,CYP13,CYP,CYP,11,13,scaffold,scaffold,1,1,scaffold_within_block,4.247385,C,N,no,no,no,no,no
CYP11,MEP51,CYP,MEP,11,51,scaffold,scaffold,1,2,scaffold_between_blocks,3.496580,CB,CC,no,no,no,no,no
GLU12,CYP13,GLU,CYP,12,13,scaffold,scaffold,1,1,scaffold_within_block,1.335686,C,N,yes,no,no,no,no
GLU12,GLU14,GLU,GLU,12,14,scaffold,scaffold,1,1,scaffold_within_block,4.483573,O,N,yes,yes,no,no,no
GLU12,MEP49,GLU,MEP,12,49,scaffold,scaffold,1,2,scaffold_between_blocks,4.374744,O,CC,yes,no,no,no,no
GLU12,GLU50,GLU,GLU,12,50,scaffold,scaffold,1,2,scaffold_between_blocks,3.373340,O,O,yes,yes,no,no,no
CYP13,GLU14,CYP,GLU,13,14,scaffold,scaffold,1,1,scaffold_within_block,1.336211,C,N,yes,no,no,no,no
CYP13,CYP15,CYP,CYP,13,15,scaffold,scaffold,1,1,scaffold_within_block,4.248237,C,N,no,no,no,no,no
CYP13,MEP49,CYP,MEP,13,49,scaffold,scaffold,1,2,scaffold_between_blocks,3.496667,CB,CC,no,no,no,no,no
GLU14,CYP15,GLU,CYP,14,15,scaffold,scaffold,1,1,scaffold_within_block,1.336530,C,N,yes,no,no,no,no
GLU14,GLU16,GLU,GLU,14,16,scaffold,scaffold,1,1,scaffold_within_block,4.483577,O,N,yes,yes,no,no,no
GLU14,MEP47,GLU,MEP,14,47,scaffold,scaffold,1,2,scaffold_between_blocks,4.375457,O,CC,yes,no,no,no,no
GLU14,GLU48,GLU,GLU,14,48,scaffold,scaffold,1,2,scaffold_between_blocks,3.375064,O,O,yes,yes,no,no,no
CYP15,GLU16,CYP,GLU,15,16,scaffold,scaffold,1,1,scaffold_within_block,1.336096,C,N,yes,no,no,no,no
CYP15,CYP17,CYP,CYP,15,17,scaffold,scaffold,1,1,scaffold_within_block,4.248878,C,N,no,no,no,no,no
CYP15,MEP47,CYP,MEP,15,47,scaffold,scaffold,1,2,scaffold_between_blocks,3.496809,CB,CC,no,no,no,no,no
GLU16,CYP17,GLU,CYP,16,17,scaffold,scaffold,1,1,scaffold_within_block,1.334522,C,N,yes,no,no,no,no
GLU16,GLU18,GLU,GLU,16,18,scaffold,scaffold,1,1,scaffold_within_block,4.482851,O,N,yes,yes,no,no,no
GLU16,MEP45,GLU,MEP,16,45,scaffold,scaffold,1,2,scaffold_between_blocks,4.374377,O,CC,yes,no,no,no,no
GLU16,GLU46,GLU,GLU,16,46,scaffold,scaffold,1,2,scaffold_between_blocks,3.373581,O,O,yes,yes,no,no,no
CYP17,GLU18,CYP,GLU,17,18,scaffold,scaffold,1,1,scaffold_within_block,1.335594,C,N,yes,no,no,no,no
CYP17,CYP19,CYP,CYP,17,19,scaffold,scaffold,1,1,scaffold_within_block,4.248403,C,N,no,no,no,no,no
CYP17,MEP45,CYP,MEP,17,45,scaffold,scaffold,1,2,scaffold_between_blocks,3.496148,CB,CC,no,no,no,no,no
GLU18,CYP19,GLU,CYP,18,19,scaffold,scaffold,1,1,scaffold_within_block,1.333810,C,N,yes,no,no,no,no
GLU18,GLU20,GLU,GLU,18,20,scaffold,scaffold,1,1,scaffold_within_block,4.482978,O,N,yes,yes,no,no,no
GLU18,MEP43,GLU,MEP,18,43,scaffold,scaffold,1,2,scaffold_between_blocks,4.376314,O,CC,yes,no,no,no,no
GLU18,GLU44,GLU,GLU,18,44,scaffold,scaffold,1,2,scaffold_between_blocks,3.375190,O,O,yes,yes,no,no,no
CYP19,GLU20,CYP,GLU,19,20,scaffold,scaffold,1,1,scaffold_within_block,1.336358,C,N,yes,no,no,no,no
CYP19,CYP21,CYP,CYP,19,21,scaffold,scaffold,1,1,scaffold_within_block,4.248166,C,N,no,no,no,no,no
CYP19,MEP43,CYP,MEP,19,43,scaffold,scaffold,1,2,scaffold_between_blocks,3.497012,CB,CC,no,no,no,no,no
GLU20,CYP21,GLU,CYP,20,21,scaffold,scaffold,1,1,scaffold_within_block,1.334945,C,N,yes,no,no,no,no
GLU20,GLU22,GLU,GLU,20,22,scaffold,scaffold,1,1,scaffold_within_block,4.482322,O,N,yes,yes,no,no,no
GLU20,MEP41,GLU,MEP,20,41,scaffold,scaffold,1,2,scaffold_between_blocks,4.375727,O,CC,yes,no,no,no,no
GLU20,GLU42,GLU,GLU,20,42,scaffold,scaffold,1,2,scaffold_between_blocks,3.374455,O,O,yes,yes,no,no,no
CYP21,GLU22,CYP,GLU,21,22,scaffold,scaffold,1,1,scaffold_within_block,1.334087,C,N,yes,no,no,no,no
CYP21,CYP23,CYP,CYP,21,23,scaffold,scaffold,1,1,scaffold_within_block,4.247322,C,N,no,no,no,no,no
CYP21,MEP41,CYP,MEP,21,41,scaffold,scaffold,1,2,scaffold_between_blocks,3.496960,CB,CC,no,no,no,no,no
GLU22,CYP23,GLU,CYP,22,23,scaffold,scaffold,1,1,scaffold_within_block,1.336529,C,N,yes,no,no,no,no
GLU22,GLU24,GLU,GLU,22,24,scaffold,scaffold,1,1,scaffold_within_block,4.483240,O,N,yes,yes,no,no,no
GLU22,MEP39,GLU,MEP,22,39,scaffold,scaffold,1,2,scaffold_between_blocks,4.375523,O,CC,yes,no,no,no,no
GLU22,GLU40,GLU,GLU,22,40,scaffold,scaffold,1,2,scaffold_between_blocks,3.374132,O,O,yes,yes,no,no,no
CYP23,GLU24,CYP,GLU,23,24,scaffold,scaffold,1,1,scaffold_within_block,1.334708,C,N,yes,no,no,no,no
CYP23,CYP25,CYP,CYP,23,25,scaffold,scaffold,1,1,scaffold_within_block,4.248409,C,N,no,no,no,no,no
CYP23,MEP39,CYP,MEP,23,39,scaffold,scaffold,1,2,scaffold_between_blocks,3.495482,CB,CC,no,no,no,no,no
GLU24,CYP25,GLU,CYP,24,25,scaffold,scaffold,1,1,scaffold_within_block,1.334506,C,N,yes,no,no,no,no
GLU24,GLU26,GLU,GLU,24,26,scaffold,scaffold,1,1,scaffold_within_block,4.483524,O,N,yes,yes,no,no,no
GLU24,MEP37,GLU,MEP,24,37,scaffold,scaffold,1,2,scaffold_between_blocks,4.375529,O,CC,yes,no,no,no,no
GLU24,GLU38,GLU,GLU,24,38,scaffold,scaffold,1,2,scaffold_between_blocks,3.373783,O,O,yes,yes,no,no,no
CYP25,GLU26,CYP,GLU,25,26,scaffold,scaffold,1,1,scaffold_within_block,1.335163,C,N,yes,no,no,no,no
CYP25,CYP27,CYP,CYP,25,27,scaffold,scaffold,1,1,scaffold_within_block,4.247142,C,N,no,no,no,no,no
CYP25,MEP37,CYP,MEP,25,37,scaffold,scaffold,1,2,scaffold_between_blocks,3.496485,CB,CC,no,no,no,no,no
GLU26,CYP27,GLU,CYP,26,27,scaffold,scaffold,1,1,scaffold_within_block,1.335900,C,N,yes,no,no,no,no
GLU26,GLU28,GLU,GLU,26,28,scaffold,scaffold,1,1,scaffold_within_block,4.484192,O,N,yes,yes,no,no,no
GLU26,MEP35,GLU,MEP,26,35,scaffold,scaffold,1,2,scaffold_between_blocks,4.375656,O,CC,yes,no,no,no,no
GLU26,GLU36,GLU,GLU,26,36,scaffold,scaffold,1,2,scaffold_between_blocks,3.372982,O,O,yes,yes,no,no,no
CYP27,GLU28,CYP,GLU,27,28,scaffold,scaffold,1,1,scaffold_within_block,1.334475,C,N,yes,no,no,no,no
CYP27,CYP29,CYP,CYP,27,29,scaffold,scaffold,1,1,scaffold_within_block,4.248255,C,N,no,no,no,no,no
CYP27,MEP35,CYP,MEP,27,35,scaffold,scaffold,1,2,scaffold_between_blocks,3.496042,CB,CC,no,no,no,no,no
GLU28,CYP29,GLU,CYP,28,29,scaffold,scaffold,1,1,scaffold_within_block,1.334747,C,N,yes,no,no,no,no
GLU28,GLU30,GLU,GLU,28,30,scaffold,scaffold,1,1,scaffold_within_block,4.484279,O,N,yes,yes,no,no,no
GLU28,MEP33,GLU,MEP,28,33,scaffold,scaffold,1,2,scaffold_between_blocks,4.376306,O,CC,yes,no,no,no,no
GLU28,GLU34,GLU,GLU,28,34,scaffold,scaffold,1,2,scaffold_between_blocks,3.373326,O,O,yes,yes,no,no,no
CYP29,GLU30,CYP,GLU,29,30,scaffold,scaffold,1,1,scaffold_within_block,1.334947,C,N,yes,no,no,no,no
CYP29,MEP33,CYP,MEP,29,33,scaffold,scaffold,1,2,scaffold_between_blocks,3.496868,CB,CC,no,no,no,no,no
GLU30,MEP31,GLU,MEP,30,31,scaffold,scaffold,1,2,scaffold_between_blocks,4.375168,O,CC,yes,no,no,no,no
GLU30,GLU32,GLU,GLU,30,32,scaffold,scaffold,1,2,scaffold_between_blocks,3.375281,O,O,yes,yes,no,no,no
MEP31,GLU32,MEP,GLU,31,32,scaffold,scaffold,2,2,scaffold_within_block,1.336493,C,N,yes,no,no,no,no
MEP31,MEP33,MEP,MEP,31,33,scaffold,scaffold,2,2,scaffold_within_block,4.248203,C,N,no,no,no,no,no
MEP31,CYP85,MEP,CYP,31,85,scaffold,scaffold,2,3,scaffold_between_blocks,3.896082,O,O,no,no,no,no,no
GLU32,MEP33,GLU,MEP,32,33,scaffold,scaffold,2,2,scaffold_within_block,1.335483,C,N,yes,no,no,no,no
GLU32,GLU34,GLU,GLU,32,34,scaffold,scaffold,2,2,scaffold_within_block,4.482836,O,N,yes,yes,no,no,no
MEP33,GLU34,MEP,GLU,33,34,scaffold,scaffold,2,2,scaffold_within_block,1.334772,C,N,yes,no,no,no,no
MEP33,MEP35,MEP,MEP,33,35,scaffold,scaffold,2,2,scaffold_within_block,4.247259,C,N,no,no,no,no,no
MEP33,CYP83,MEP,CYP,33,83,scaffold,scaffold,2,3,scaffold_between_blocks,3.898559,O,O,no,no,no,no,no
GLU34,MEP35,GLU,MEP,34,35,scaffold,scaffold,2,2,scaffold_within_block,1.335466,C,N,yes,no,no,no,no
GLU34,GLU36,GLU,GLU,34,36,scaffold,scaffold,2,2,scaffold_within_block,4.482475,O,N,yes,yes,no,no,no
MEP35,GLU36,MEP,GLU,35,36,scaffold,scaffold,2,2,scaffold_within_block,1.333530,C,N,yes,no,no,no,no
MEP35,MEP37,MEP,MEP,35,37,scaffold,scaffold,2,2,scaffold_within_block,4.247467,C,N,no,no,no,no,no
MEP35,CYP81,MEP,CYP,35,81,scaffold,scaffold,2,3,scaffold_between_blocks,3.897168,O,O,no,no,no,no,no
GLU36,MEP37,GLU,MEP,36,37,scaffold,scaffold,2,2,scaffold_within_block,1.335387,C,N,yes,no,no,no,no
GLU36,GLU38,GLU,GLU,36,38,scaffold,scaffold,2,2,scaffold_within_block,4.483638,O,N,yes,yes,no,no,no
MEP37,GLU38,MEP,GLU,37,38,scaffold,scaffold,2,2,scaffold_within_block,1.336600,C,N,yes,no,no,no,no
MEP37,MEP39,MEP,MEP,37,39,scaffold,scaffold,2,2,scaffold_within_block,4.248914,C,N,no,no,no,no,no
MEP37,CYP79,MEP,CYP,37,79,scaffold,scaffold,2,3,scaffold_between_blocks,3.898299,O,O,no,no,no,no,no
GLU38,MEP39,GLU,MEP,38,39,scaffold,scaffold,2,2,scaffold_within_block,1.335747,C,N,yes,no,no,no,no
GLU38,GLU40,GLU,GLU,38,40,scaffold,scaffold,2,2,scaffold_within_block,4.483842,O,N,yes,yes,no,no,no
MEP39,GLU40,MEP,GLU,39,40,scaffold,scaffold,2,2,scaffold_within_block,1.337046,C,N,yes,no,no,no,no
MEP39,MEP41,MEP,MEP,39,41,scaffold,scaffold,2,2,scaffold_within_block,4.248532,C,N,no,no,no,no,no
MEP39,CYP77,MEP,CYP,39,77,scaffold,scaffold,2,3,scaffold_between_blocks,3.897345,O,O,no,no,no,no,no
GLU40,MEP41,GLU,MEP,40,41,scaffold,scaffold,2,2,scaffold_within_block,1.333822,C,N,yes,no,no,no,no
GLU40,GLU42,GLU,GLU,40,42,scaffold,scaffold,2,2,scaffold_within_block,4.483571,O,N,yes,yes,no,no,no
MEP41,GLU42,MEP,GLU,41,42,scaffold,scaffold,2,2,scaffold_within_block,1.335592,C,N,yes,no,no,no,no
MEP41,MEP43,MEP,MEP,41,43,scaffold,scaffold,2,2,scaffold_within_block,4.247750,C,N,no,no,no,no,no
MEP41,CYP75,MEP,CYP,41,75,scaffold,scaffold,2,3,scaffold_between_blocks,3.897188,O,O,no,no,no,no,no
GLU42,MEP43,GLU,MEP,42,43,scaffold,scaffold,2,2,scaffold_within_block,1.335932,C,N,yes,no,no,no,no
GLU42,GLU44,GLU,GLU,42,44,scaffold,scaffold,2,2,scaffold_within_block,4.483650,O,N,yes,yes,no,no,no
MEP43,GLU44,MEP,GLU,43,44,scaffold,scaffold,2,2,scaffold_within_block,1.335722,C,N,yes,no,no,no,no
MEP43,MEP45,MEP,MEP,43,45,scaffold,scaffold,2,2,scaffold_within_block,4.248486,C,N,no,no,no,no,no
MEP43,CYP73,MEP,CYP,43,73,scaffold,scaffold,2,3,scaffold_between_blocks,3.895853,O,O,no,no,no,no,no
GLU44,MEP45,GLU,MEP,44,45,scaffold,scaffold,2,2,scaffold_within_block,1.335292,C,N,yes,no,no,no,no
GLU44,GLU46,GLU,GLU,44,46,scaffold,scaffold,2,2,scaffold_within_block,4.483005,O,N,yes,yes,no,no,no
MEP45,GLU46,MEP,GLU,45,46,scaffold,scaffold,2,2,scaffold_within_block,1.336164,C,N,yes,no,no,no,no
MEP45,MEP47,MEP,MEP,45,47,scaffold,scaffold,2,2,scaffold_within_block,4.248751,C,N,no,no,no,no,no
MEP45,CYP71,MEP,CYP,45,71,scaffold,scaffold,2,3,scaffold_between_blocks,3.899315,O,O,no,no,no,no,no
GLU46,MEP47,GLU,MEP,46,47,scaffold,scaffold,2,2,scaffold_within_block,1.334762,C,N,yes,no,no,no,no
GLU46,GLU48,GLU,GLU,46,48,scaffold,scaffold,2,2,scaffold_within_block,4.484474,O,N,yes,yes,no,no,no
MEP47,GLU48,MEP,GLU,47,48,scaffold,scaffold,2,2,scaffold_within_block,1.336989,C,N,yes,no,no,no,no
MEP47,MEP49,MEP,MEP,47,49,scaffold,scaffold,2,2,scaffold_within_block,4.249388,C,N,no,no,no,no,no
MEP47,CYP69,MEP,CYP,47,69,scaffold,scaffold,2,3,scaffold_between_blocks,3.898091,O,O,no,no,no,no,no
GLU48,MEP49,GLU,MEP,48,49,scaffold,scaffold,2,2,scaffold_within_block,1.337071,C,N,yes,no,no,no,no
GLU48,GLU50,GLU,GLU,48,50,scaffold,scaffold,2,2,scaffold_within_block,4.482040,O,N,yes,yes,no,no,no
MEP49,GLU50,MEP,GLU,49,50,scaffold,scaffold,2,2,scaffold_within_block,1.334332,C,N,yes,no,no,no,no
MEP49,MEP51,MEP,MEP,49,51,scaffold,scaffold,2,2,scaffold_within_block,4.247254,C,N,no,no,no,no,no
MEP49,CYP67,MEP,CYP,49,67,scaffold,scaffold,2,3,scaffold_between_blocks,3.897688,O,O,no,no,no,no,no
GLU50,MEP51,GLU,MEP,50,51,scaffold,scaffold,2,2,scaffold_within_block,1.335175,C,N,yes,no,no,no,no
GLU50,GLU52,GLU,GLU,50,52,scaffold,scaffold,2,2,scaffold_within_block,4.484689,O,N,yes,yes,no,no,no
MEP51,GLU52,MEP,GLU,51,52,scaffold,scaffold,2,2,scaffold_within_block,1.335909,C,N,yes,no,no,no,no
MEP51,MEP53,MEP,MEP,51,53,scaffold,scaffold,2,2,scaffold_within_block,4.246968,C,N,no,no,no,no,no
MEP51,CYP65,MEP,CYP,51,65,scaffold,scaffold,2,3,scaffold_between_blocks,3.899130,O,O,no,no,no,no,no
GLU52,MEP53,GLU,MEP,52,53,scaffold,scaffold,2,2,scaffold_within_block,1.334966,C,N,yes,no,no,no,no
GLU52,GLU54,GLU,GLU,52,54,scaffold,scaffold,2,2,scaffold_within_block,4.482047,O,N,yes,yes,no,no,no
MEP53,GLU54,MEP,GLU,53,54,scaffold,scaffold,2,2,scaffold_within_block,1.333459,C,N,yes,no,no,no,no
MEP53,MEP55,MEP,MEP,53,55,scaffold,scaffold,2,2,scaffold_within_block,4.246209,C,N,no,no,no,no,no
MEP53,CYP63,MEP,CYP,53,63,scaffold,scaffold,2,3,scaffold_between_blocks,3.896613,O,O,no,no,no,no,no
GLU54,MEP55,GLU,MEP,54,55,scaffold,scaffold,2,2,scaffold_within_block,1.334307,C,N,yes,no,no,no,no
GLU54,GLU56,GLU,GLU,54,56,scaffold,scaffold,2,2,scaffold_within_block,4.484893,O,N,yes,yes,no,no,no
MEP55,GLU56,MEP,GLU,55,56,scaffold,scaffold,2,2,scaffold_within_block,1.336058,C,N,yes,no,no,no,no
MEP55,MEP57,MEP,MEP,55,57,scaffold,scaffold,2,2,scaffold_within_block,4.249572,C,N,no,no,no,no,no
MEP55,CYP61,MEP,CYP,55,61,scaffold,scaffold,2,3,scaffold_between_blocks,3.897776,O,O,no,no,no,no,no
GLU56,MEP57,GLU,MEP,56,57,scaffold,scaffold,2,2,scaffold_within_block,1.336371,C,N,yes,no,no,no,no
GLU56,GLU58,GLU,GLU,56,58,scaffold,scaffold,2,2,scaffold_within_block,4.482836,O,N,yes,yes,no,no,no
MEP57,GLU58,MEP,GLU,57,58,scaffold,scaffold,2,2,scaffold_within_block,1.336828,C,N,yes,no,no,no,no
MEP57,MEP59,MEP,MEP,57,59,scaffold,scaffold,2,2,scaffold_within_block,4.248302,C,N,no,no,no,no,no
GLU58,MEP59,GLU,MEP,58,59,scaffold,scaffold,2,2,scaffold_within_block,1.334721,C,N,yes,no,no,no,no
GLU58,GLU60,GLU,GLU,58,60,scaffold,scaffold,2,2,scaffold_within_block,4.481411,O,N,yes,yes,no,no,no
MEP59,GLU60,MEP,GLU,59,60,scaffold,scaffold,2,2,scaffold_within_block,1.333708,C,N,yes,no,no,no,no
CYP61,GLU62,CYP,GLU,61,62,scaffold,scaffold,3,3,scaffold_within_block,1.335842,C,N,yes,no,no,no,no
CYP61,CYP63,CYP,CYP,61,63,scaffold,scaffold,3,3,scaffold_within_block,4.248298,C,N,no,no,no,no,no
GLU62,CYP63,GLU,CYP,62,63,scaffold,scaffold,3,3,scaffold_within_block,1.334570,C,N,yes,no,no,no,no
GLU62,GLU64,GLU,GLU,62,64,scaffold,scaffold,3,3,scaffold_within_block,4.483950,O,N,yes,yes,no,no,no
CYP63,GLU64,CYP,GLU,63,64,scaffold,scaffold,3,3,scaffold_within_block,1.335522,C,N,yes,no,no,no,no
CYP63,CYP65,CYP,CYP,63,65,scaffold,scaffold,3,3,scaffold_within_block,4.248125,C,N,no,no,no,no,no
GLU64,CYP65,GLU,CYP,64,65,scaffold,scaffold,3,3,scaffold_within_block,1.334609,C,N,yes,no,no,no,no
GLU64,GLU66,GLU,GLU,64,66,scaffold,scaffold,3,3,scaffold_within_block,4.483613,O,N,yes,yes,no,no,no
CYP65,GLU66,CYP,GLU,65,66,scaffold,scaffold,3,3,scaffold_within_block,1.336211,C,N,yes,no,no,no,no
CYP65,CYP67,CYP,CYP,65,67,scaffold,scaffold,3,3,scaffold_within_block,4.248902,C,N,no,no,no,no,no
GLU66,CYP67,GLU,CYP,66,67,scaffold,scaffold,3,3,scaffold_within_block,1.335736,C,N,yes,no,no,no,no
GLU66,GLU68,GLU,GLU,66,68,scaffold,scaffold,3,3,scaffold_within_block,4.483770,O,N,yes,yes,no,no,no
CYP67,GLU68,CYP,GLU,67,68,scaffold,scaffold,3,3,scaffold_within_block,1.336740,C,N,yes,no,no,no,no
CYP67,CYP69,CYP,CYP,67,69,scaffold,scaffold,3,3,scaffold_within_block,4.248629,C,N,no,no,no,no,no
GLU68,CYP69,GLU,CYP,68,69,scaffold,scaffold,3,3,scaffold_within_block,1.334522,C,N,yes,no,no,no,no
GLU68,GLU70,GLU,GLU,68,70,scaffold,scaffold,3,3,scaffold_within_block,4.482851,O,N,yes,yes,no,no,no
CYP69,GLU70,CYP,GLU,69,70,scaffold,scaffold,3,3,scaffold_within_block,1.335054,C,N,yes,no,no,no,no
CYP69,CYP71,CYP,CYP,69,71,scaffold,scaffold,3,3,scaffold_within_block,4.248849,C,N,no,no,no,no,no
GLU70,CYP71,GLU,CYP,70,71,scaffold,scaffold,3,3,scaffold_within_block,1.336514,C,N,yes,no,no,no,no
GLU70,GLU72,GLU,GLU,70,72,scaffold,scaffold,3,3,scaffold_within_block,4.483945,O,N,yes,yes,no,no,no
CYP71,GLU72,CYP,GLU,71,72,scaffold,scaffold,3,3,scaffold_within_block,1.334209,C,N,yes,no,no,no,no
CYP71,CYP73,CYP,CYP,71,73,scaffold,scaffold,3,3,scaffold_within_block,4.246509,C,N,no,no,no,no,no
GLU72,CYP73,GLU,CYP,72,73,scaffold,scaffold,3,3,scaffold_within_block,1.332728,C,N,yes,no,no,no,no
GLU72,GLU74,GLU,GLU,72,74,scaffold,scaffold,3,3,scaffold_within_block,4.484030,O,N,yes,yes,no,no,no
CYP73,GLU74,CYP,GLU,73,74,scaffold,scaffold,3,3,scaffold_within_block,1.336205,C,N,yes,no,no,no,no
CYP73,CYP75,CYP,CYP,73,75,scaffold,scaffold,3,3,scaffold_within_block,4.248784,C,N,no,no,no,no,no
GLU74,CYP75,GLU,CYP,74,75,scaffold,scaffold,3,3,scaffold_within_block,1.333769,C,N,yes,no,no,no,no
GLU74,GLU76,GLU,GLU,74,76,scaffold,scaffold,3,3,scaffold_within_block,4.483177,O,N,yes,yes,no,no,no
CYP75,GLU76,CYP,GLU,75,76,scaffold,scaffold,3,3,scaffold_within_block,1.334746,C,N,yes,no,no,no,no
CYP75,CYP77,CYP,CYP,75,77,scaffold,scaffold,3,3,scaffold_within_block,4.248479,C,N,no,no,no,no,no
GLU76,CYP77,GLU,CYP,76,77,scaffold,scaffold,3,3,scaffold_within_block,1.333760,C,N,yes,no,no,no,no
GLU76,GLU78,GLU,GLU,76,78,scaffold,scaffold,3,3,scaffold_within_block,4.483482,O,N,yes,yes,no,no,no
CYP77,GLU78,CYP,GLU,77,78,scaffold,scaffold,3,3,scaffold_within_block,1.335423,C,N,yes,no,no,no,no
CYP77,CYP79,CYP,CYP,77,79,scaffold,scaffold,3,3,scaffold_within_block,4.247101,C,N,no,no,no,no,no
GLU78,CYP79,GLU,CYP,78,79,scaffold,scaffold,3,3,scaffold_within_block,1.335985,C,N,yes,no,no,no,no
GLU78,GLU80,GLU,GLU,78,80,scaffold,scaffold,3,3,scaffold_within_block,4.482056,O,N,yes,yes,no,no,no
CYP79,GLU80,CYP,GLU,79,80,scaffold,scaffold,3,3,scaffold_within_block,1.334731,C,N,yes,no,no,no,no
CYP79,CYP81,CYP,CYP,79,81,scaffold,scaffold,3,3,scaffold_within_block,4.247738,C,N,no,no,no,no,no
GLU80,CYP81,GLU,CYP,80,81,scaffold,scaffold,3,3,scaffold_within_block,1.335494,C,N,yes,no,no,no,no
GLU80,GLU82,GLU,GLU,80,82,scaffold,scaffold,3,3,scaffold_within_block,4.482113,O,N,yes,yes,no,no,no
CYP81,GLU82,CYP,GLU,81,82,scaffold,scaffold,3,3,scaffold_within_block,1.334564,C,N,yes,no,no,no,no
CYP81,CYP83,CYP,CYP,81,83,scaffold,scaffold,3,3,scaffold_within_block,4.249235,C,N,no,no,no,no,no
GLU82,CYP83,GLU,CYP,82,83,scaffold,scaffold,3,3,scaffold_within_block,1.335632,C,N,yes,no,no,no,no
GLU82,GLU84,GLU,GLU,82,84,scaffold,scaffold,3,3,scaffold_within_block,4.484863,O,N,yes,yes,no,no,no
CYP83,GLU84,CYP,GLU,83,84,scaffold,scaffold,3,3,scaffold_within_block,1.336143,C,N,yes,no,no,no,no
CYP83,CYP85,CYP,CYP,83,85,scaffold,scaffold,3,3,scaffold_within_block,4.247779,C,N,no,no,no,no,no
GLU84,CYP85,GLU,CYP,84,85,scaffold,scaffold,3,3,scaffold_within_block,1.333960,C,N,yes,no,no,no,no
GLU84,GLU86,GLU,GLU,84,86,scaffold,scaffold,3,3,scaffold_within_block,4.483056,O,N,yes,yes,no,no,no
CYP85,GLU86,CYP,GLU,85,86,scaffold,scaffold,3,3,scaffold_within_block,1.336669,C,N,yes,no,no,no,no
CYP85,CYP87,CYP,CYP,85,87,scaffold,scaffold,3,3,scaffold_within_block,4.249301,C,N,no,no,no,no,no
GLU86,CYP87,GLU,CYP,86,87,scaffold,scaffold,3,3,scaffold_within_block,1.334928,C,N,yes,no,no,no,no
GLU86,GLU88,GLU,GLU,86,88,scaffold,scaffold,3,3,scaffold_within_block,4.483302,O,N,yes,yes,no,no,no
CYP87,GLU88,CYP,GLU,87,88,scaffold,scaffold,3,3,scaffold_within_block,1.335105,C,N,yes,no,no,no,no
CYP87,CYP89,CYP,CYP,87,89,scaffold,scaffold,3,3,scaffold_within_block,4.249473,C,N,no,no,no,no,no
GLU88,CYP89,GLU,CYP,88,89,scaffold,scaffold,3,3,scaffold_within_block,1.336982,C,N,yes,no,no,no,no
GLU88,GLU90,GLU,GLU,88,90,scaffold,scaffold,3,3,scaffold_within_block,4.482966,O,N,yes,yes,no,no,no
CYP89,GLU90,CYP,GLU,89,90,scaffold,scaffold,3,3,scaffold_within_block,1.334961,C,N,yes,no,no,no,no
